Dr. Cardio, Cardiology
Dr. Neuro, Neurology
Dr. Ortho, Orthopedics
Dr. Pead, Pediatrics
Dr. Onco, Oncology
Dr. Derna, Dermatology
Dr. Gastro, Gastroenterology
Dr. Psych, Psychiatry
Dr. Uro, Urology
Dr. General, General Medicine
